row_id,doc_id,document,organization,ein,as_of_date,url,source,date_verified,confidence,value_class,note
R001,PF-1,Form 990 filings index (all years),Jewish Silicon Valley,94-2222989,,https://projects.propublica.org/nonprofits/organizations/942222989,ProPublica Nonprofit Explorer,2026-09-05,MEDIUM,PUBLIC_RESEARCH,"Machine-readable 990s incl. financial details, officers, schedules. THE primary public source for JSV financials"
R002,PF-2,FY2023 Form 990 summary (June 2023),Jewish Silicon Valley,94-2222989,2023-06-30,https://projects.propublica.org/nonprofits/organizations/942222989,ProPublica aggregation. Verified via web search 2026-09-05; figures are aggregator summaries of IRS Form 990 filings - confirm against the filing itself via the URL,2026-09-05,MEDIUM,PUBLIC_RESEARCH,"Reported: revenue $10,172,090; expenses $11,269,511; net assets $17,095,059. Same fiscal year as the module's historical seeds (reserve ~$697K, campaign restricted ~$2.34M, JCRIF ~$200K) - coherent cross-check"
R003,PF-3,FY2024 Form 990 summary (June 2024),Jewish Silicon Valley,94-2222989,2024-06-30,https://projects.propublica.org/nonprofits/organizations/942222989,ProPublica aggregation. Verified via web search 2026-09-05; figures are aggregator summaries of IRS Form 990 filings - confirm against the filing itself via the URL,2026-09-05,MEDIUM,PUBLIC_RESEARCH,"Reported: revenue ~$12.6M; expenses ~$12.5M; total assets ~$20.9M; donor-advised fund reported on Schedule D. Grants provided in 2023: ~$1,381,767 per Charity Navigator"
R004,PF-4,GuideStar / Candid profile,Jewish Silicon Valley,94-2222989,,https://www.guidestar.org/profile/94-2222989,GuideStar,2026-09-05,MEDIUM,PUBLIC_RESEARCH,Candid nonprofit profile
R005,PF-5,Charity Navigator rating,Jewish Silicon Valley,94-2222989,,https://www.charitynavigator.org/ein/942222989,Charity Navigator,2026-09-05,MEDIUM,PUBLIC_RESEARCH,4/4-star rating reported as of the search date
R006,PF-6,Annual Report 2017-18 (pre-merger Federation),Jewish Federation of Silicon Valley,,2018-06-30,https://cdn.fedweb.org/fed-108/2/JValley_Annual%2520Report%25202017-18_Final.pdf,Federation web archive,2026-09-05,LOW,PUBLIC_RESEARCH,"HISTORICAL, pre-merger context only"
R007,PF-7,Audited financial statements,Jewish Silicon Valley,94-2222989,,https://www.jvalley.org/,Not located in public search,2026-09-05,LOW,PUBLIC_RESEARCH,RESEARCH REQUIRED - audited statements were not found published online; the FY2023 figures the module seeds cite trace to the owner-provided prompt referencing audited statements. Request the audit internally or from jvalley.org
R008,PF-8,Caution: similarly named separate org,Jewish Family Services of Silicon Valley,94-2536452,,https://projects.propublica.org/nonprofits/organizations/942536452,ProPublica Nonprofit Explorer,2026-09-05,MEDIUM,PUBLIC_RESEARCH,DIFFERENT ORGANIZATION - do not conflate its filings with JSV's
R009,PF-9,"Form 990 full filings FY2021-FY2025 (five consecutive years, read directly)",Jewish Silicon Valley,94-2222989,2025-06-30,https://projects.propublica.org/nonprofits/organizations/942222989,"Owner-provided ProPublica full-filing PDFs, read 2026-09-06; every year's prior-year column cross-checks the preceding filing exactly",2026-09-06,HIGH,PUBLIC_RESEARCH,Feeds nfp_990_actuals + nfp_990_ratio_actuals - the filed-figures layer on tabs 11/14/16
