company_id,level,entity_id,period_id,prior_period_id,method,metric_name,statement_type,baseline_value,current_value,variance_amount,variance_pct,threshold_desc,severity,possible_causes,review_status
COMP001,CONSOLIDATED,CONSOLIDATED,FY2025,FY2024,MARGIN_VARIANCE,ebit_margin,IS,17.4246,19.5133,2.0887,2.0887,|pp| >= 2.0,MEDIUM,"mix shift, pricing, cost inflation/deflation, one-time items, FX; growth, acquisition/divestiture, restructuring, FX, accounting change, or error - an outlier is not a conclusion (docs/OUTLIERS.md)",PENDING
COMP001,CONSOLIDATED,CONSOLIDATED,FY2025,FY2024,MARGIN_VARIANCE,ebitda_margin,IS,22.4246,24.7096,2.285,2.285,|pp| >= 2.0,MEDIUM,"mix shift, pricing, cost inflation/deflation, one-time items, FX; growth, acquisition/divestiture, restructuring, FX, accounting change, or error - an outlier is not a conclusion (docs/OUTLIERS.md)",PENDING
COMP001,CONSOLIDATED,CONSOLIDATED,FY2025,FY2024,POP_VARIANCE,cash,BS,152.4,194.0,41.6,27.2966,|%| >= 15.0 and |$| >= 25.0,MEDIUM,"growth, acquisition/divestiture, restructuring, FX, accounting change, or error - an outlier is not a conclusion (docs/OUTLIERS.md)",PENDING
COMP001,CONSOLIDATED,CONSOLIDATED,FY2025,FY2024,POP_VARIANCE,retained_earnings,BS,206.35,328.75,122.4,59.3167,|%| >= 15.0 and |$| >= 25.0,HIGH,"growth, acquisition/divestiture, restructuring, FX, accounting change, or error - an outlier is not a conclusion (docs/OUTLIERS.md)",PENDING
COMP001,ENTITY,ENT_ELIM,FY2025,FY2024,NEW_ITEM,cogs,IS,0.0,50.0,50.0,0.0,no prior activity and |amount| >= 25.0,MEDIUM,"new entity/eliminations, acquisition, consolidation-scope or accounting change; growth, acquisition/divestiture, restructuring, FX, accounting change, or error - an outlier is not a conclusion (docs/OUTLIERS.md)",PENDING
COMP001,ENTITY,ENT_ELIM,FY2025,FY2024,NEW_ITEM,revenue,IS,0.0,-50.0,-50.0,0.0,no prior activity and |amount| >= 25.0,MEDIUM,"new entity/eliminations, acquisition, consolidation-scope or accounting change; growth, acquisition/divestiture, restructuring, FX, accounting change, or error - an outlier is not a conclusion (docs/OUTLIERS.md)",PENDING
COMP001,ENTITY,ENT_GMBH,FY2025,FY2024,POP_VARIANCE,retained_earnings,BS,36.35,68.75,32.4,89.1334,|%| >= 15.0 and |$| >= 25.0,HIGH,"growth, acquisition/divestiture, restructuring, FX, accounting change, or error - an outlier is not a conclusion (docs/OUTLIERS.md)",PENDING
COMP001,ENTITY,ENT_PARENT,FY2025,FY2024,POP_VARIANCE,cash,BS,120.0,150.0,30.0,25.0,|%| >= 15.0 and |$| >= 25.0,MEDIUM,"growth, acquisition/divestiture, restructuring, FX, accounting change, or error - an outlier is not a conclusion (docs/OUTLIERS.md)",PENDING
COMP001,ENTITY,ENT_PARENT,FY2025,FY2024,POP_VARIANCE,retained_earnings,BS,170.0,260.0,90.0,52.9412,|%| >= 15.0 and |$| >= 25.0,HIGH,"growth, acquisition/divestiture, restructuring, FX, accounting change, or error - an outlier is not a conclusion (docs/OUTLIERS.md)",PENDING
