series_id,month,value,value_class,source_reference
participants:P1,2022-10,95.9,SYNTHETIC,financials/nfp_ml.py seed 777
participants:P1,2022-11,99.06,SYNTHETIC,financials/nfp_ml.py seed 777
participants:P1,2022-12,95.59,SYNTHETIC,financials/nfp_ml.py seed 777
participants:P1,2023-01,100.74,SYNTHETIC,financials/nfp_ml.py seed 777
participants:P1,2023-02,102.14,SYNTHETIC,financials/nfp_ml.py seed 777
participants:P1,2023-03,99.28,SYNTHETIC,financials/nfp_ml.py seed 777
participants:P1,2023-04,104.76,SYNTHETIC,financials/nfp_ml.py seed 777
participants:P1,2023-05,102.76,SYNTHETIC,financials/nfp_ml.py seed 777
participants:P1,2023-06,95.52,SYNTHETIC,financials/nfp_ml.py seed 777
participants:P1,2023-07,101.24,SYNTHETIC,financials/nfp_ml.py seed 777
participants:P1,2023-08,99.57,SYNTHETIC,financials/nfp_ml.py seed 777
participants:P1,2023-09,108.47,SYNTHETIC,financials/nfp_ml.py seed 777
participants:P1,2023-10,104.19,SYNTHETIC,financials/nfp_ml.py seed 777
participants:P1,2023-11,106.86,SYNTHETIC,financials/nfp_ml.py seed 777
participants:P1,2023-12,100.03,SYNTHETIC,financials/nfp_ml.py seed 777
participants:P1,2024-01,107.32,SYNTHETIC,financials/nfp_ml.py seed 777
participants:P1,2024-02,104.1,SYNTHETIC,financials/nfp_ml.py seed 777
participants:P1,2024-03,102.29,SYNTHETIC,financials/nfp_ml.py seed 777
participants:P1,2024-04,103.37,SYNTHETIC,financials/nfp_ml.py seed 777
participants:P1,2024-05,108.35,SYNTHETIC,financials/nfp_ml.py seed 777
participants:P1,2024-06,101.93,SYNTHETIC,financials/nfp_ml.py seed 777
participants:P1,2024-07,103.54,SYNTHETIC,financials/nfp_ml.py seed 777
participants:P1,2024-08,115.96,SYNTHETIC,financials/nfp_ml.py seed 777
participants:P1,2024-09,108.97,SYNTHETIC,financials/nfp_ml.py seed 777
participants:P1,2024-10,105.41,SYNTHETIC,financials/nfp_ml.py seed 777
participants:P1,2024-11,109.8,SYNTHETIC,financials/nfp_ml.py seed 777
participants:P1,2024-12,107.51,SYNTHETIC,financials/nfp_ml.py seed 777
participants:P1,2025-01,118.55,SYNTHETIC,financials/nfp_ml.py seed 777
participants:P1,2025-02,110.55,SYNTHETIC,financials/nfp_ml.py seed 777
participants:P1,2025-03,114.47,SYNTHETIC,financials/nfp_ml.py seed 777
participants:P1,2025-04,111.43,SYNTHETIC,financials/nfp_ml.py seed 777
participants:P1,2025-05,116.27,SYNTHETIC,financials/nfp_ml.py seed 777
participants:P1,2025-06,112.9,SYNTHETIC,financials/nfp_ml.py seed 777
participants:P1,2025-07,112.74,SYNTHETIC,financials/nfp_ml.py seed 777
participants:P1,2025-08,112.51,SYNTHETIC,financials/nfp_ml.py seed 777
participants:P1,2025-09,121.58,SYNTHETIC,financials/nfp_ml.py seed 777
participants:P1,2025-10,116.84,SYNTHETIC,financials/nfp_ml.py seed 777
participants:P1,2025-11,114.95,SYNTHETIC,financials/nfp_ml.py seed 777
participants:P1,2025-12,118.43,SYNTHETIC,financials/nfp_ml.py seed 777
participants:P1,2026-01,125.38,SYNTHETIC,financials/nfp_ml.py seed 777
participants:P1,2026-02,117.55,SYNTHETIC,financials/nfp_ml.py seed 777
participants:P1,2026-03,116.56,SYNTHETIC,financials/nfp_ml.py seed 777
participants:P1,2026-04,114.19,SYNTHETIC,financials/nfp_ml.py seed 777
participants:P1,2026-05,114.38,SYNTHETIC,financials/nfp_ml.py seed 777
participants:P1,2026-06,121.37,SYNTHETIC,financials/nfp_ml.py seed 777
participants:P1,2026-07,123.33,SYNTHETIC,financials/nfp_ml.py seed 777
participants:P1,2026-08,112.94,SYNTHETIC,financials/nfp_ml.py seed 777
participants:P1,2026-09,134.89,SYNTHETIC,financials/nfp_ml.py seed 777
cost:P1,2022-10,89381.54,SYNTHETIC,financials/nfp_ml.py seed 777
cost:P1,2022-11,88915.08,SYNTHETIC,financials/nfp_ml.py seed 777
cost:P1,2022-12,90034.88,SYNTHETIC,financials/nfp_ml.py seed 777
cost:P1,2023-01,87397.91,SYNTHETIC,financials/nfp_ml.py seed 777
cost:P1,2023-02,88560.02,SYNTHETIC,financials/nfp_ml.py seed 777
cost:P1,2023-03,91894.45,SYNTHETIC,financials/nfp_ml.py seed 777
cost:P1,2023-04,90494.18,SYNTHETIC,financials/nfp_ml.py seed 777
cost:P1,2023-05,92435.69,SYNTHETIC,financials/nfp_ml.py seed 777
cost:P1,2023-06,91396.97,SYNTHETIC,financials/nfp_ml.py seed 777
cost:P1,2023-07,93961.57,SYNTHETIC,financials/nfp_ml.py seed 777
cost:P1,2023-08,89827.06,SYNTHETIC,financials/nfp_ml.py seed 777
cost:P1,2023-09,92041.9,SYNTHETIC,financials/nfp_ml.py seed 777
cost:P1,2023-10,90684.03,SYNTHETIC,financials/nfp_ml.py seed 777
cost:P1,2023-11,92065.76,SYNTHETIC,financials/nfp_ml.py seed 777
cost:P1,2023-12,93957.87,SYNTHETIC,financials/nfp_ml.py seed 777
cost:P1,2024-01,94612.89,SYNTHETIC,financials/nfp_ml.py seed 777
cost:P1,2024-02,93164.52,SYNTHETIC,financials/nfp_ml.py seed 777
cost:P1,2024-03,94343.67,SYNTHETIC,financials/nfp_ml.py seed 777
cost:P1,2024-04,90839.79,SYNTHETIC,financials/nfp_ml.py seed 777
cost:P1,2024-05,92605.11,SYNTHETIC,financials/nfp_ml.py seed 777
cost:P1,2024-06,95715.74,SYNTHETIC,financials/nfp_ml.py seed 777
cost:P1,2024-07,95983.07,SYNTHETIC,financials/nfp_ml.py seed 777
cost:P1,2024-08,92251.17,SYNTHETIC,financials/nfp_ml.py seed 777
cost:P1,2024-09,95529.07,SYNTHETIC,financials/nfp_ml.py seed 777
cost:P1,2024-10,91729.05,SYNTHETIC,financials/nfp_ml.py seed 777
cost:P1,2024-11,97592.19,SYNTHETIC,financials/nfp_ml.py seed 777
cost:P1,2024-12,93554.38,SYNTHETIC,financials/nfp_ml.py seed 777
cost:P1,2025-01,94539.08,SYNTHETIC,financials/nfp_ml.py seed 777
cost:P1,2025-02,97271.51,SYNTHETIC,financials/nfp_ml.py seed 777
cost:P1,2025-03,97076.79,SYNTHETIC,financials/nfp_ml.py seed 777
cost:P1,2025-04,94373.72,SYNTHETIC,financials/nfp_ml.py seed 777
cost:P1,2025-05,95896.34,SYNTHETIC,financials/nfp_ml.py seed 777
cost:P1,2025-06,99572.23,SYNTHETIC,financials/nfp_ml.py seed 777
cost:P1,2025-07,97300.05,SYNTHETIC,financials/nfp_ml.py seed 777
cost:P1,2025-08,94050.29,SYNTHETIC,financials/nfp_ml.py seed 777
cost:P1,2025-09,101489.28,SYNTHETIC,financials/nfp_ml.py seed 777
cost:P1,2025-10,98305.22,SYNTHETIC,financials/nfp_ml.py seed 777
cost:P1,2025-11,96248.99,SYNTHETIC,financials/nfp_ml.py seed 777
cost:P1,2025-12,93422.29,SYNTHETIC,financials/nfp_ml.py seed 777
cost:P1,2026-01,95555.73,SYNTHETIC,financials/nfp_ml.py seed 777
cost:P1,2026-02,96383.55,SYNTHETIC,financials/nfp_ml.py seed 777
cost:P1,2026-03,98028.01,SYNTHETIC,financials/nfp_ml.py seed 777
cost:P1,2026-04,96295.64,SYNTHETIC,financials/nfp_ml.py seed 777
cost:P1,2026-05,98794.69,SYNTHETIC,financials/nfp_ml.py seed 777
cost:P1,2026-06,98874.57,SYNTHETIC,financials/nfp_ml.py seed 777
cost:P1,2026-07,104542.4,SYNTHETIC,financials/nfp_ml.py seed 777
cost:P1,2026-08,102029.51,SYNTHETIC,financials/nfp_ml.py seed 777
cost:P1,2026-09,99904.69,SYNTHETIC,financials/nfp_ml.py seed 777
participants:P2,2022-10,320.39,SYNTHETIC,financials/nfp_ml.py seed 777
participants:P2,2022-11,304.78,SYNTHETIC,financials/nfp_ml.py seed 777
participants:P2,2022-12,309.44,SYNTHETIC,financials/nfp_ml.py seed 777
participants:P2,2023-01,353.78,SYNTHETIC,financials/nfp_ml.py seed 777
participants:P2,2023-02,347.17,SYNTHETIC,financials/nfp_ml.py seed 777
participants:P2,2023-03,346.7,SYNTHETIC,financials/nfp_ml.py seed 777
participants:P2,2023-04,326.99,SYNTHETIC,financials/nfp_ml.py seed 777
participants:P2,2023-05,334.86,SYNTHETIC,financials/nfp_ml.py seed 777
participants:P2,2023-06,342.58,SYNTHETIC,financials/nfp_ml.py seed 777
participants:P2,2023-07,328.3,SYNTHETIC,financials/nfp_ml.py seed 777
participants:P2,2023-08,350.17,SYNTHETIC,financials/nfp_ml.py seed 777
participants:P2,2023-09,369.52,SYNTHETIC,financials/nfp_ml.py seed 777
participants:P2,2023-10,356.15,SYNTHETIC,financials/nfp_ml.py seed 777
participants:P2,2023-11,358.1,SYNTHETIC,financials/nfp_ml.py seed 777
participants:P2,2023-12,359.09,SYNTHETIC,financials/nfp_ml.py seed 777
participants:P2,2024-01,361.88,SYNTHETIC,financials/nfp_ml.py seed 777
participants:P2,2024-02,334.08,SYNTHETIC,financials/nfp_ml.py seed 777
participants:P2,2024-03,358.4,SYNTHETIC,financials/nfp_ml.py seed 777
participants:P2,2024-04,344.01,SYNTHETIC,financials/nfp_ml.py seed 777
participants:P2,2024-05,346.12,SYNTHETIC,financials/nfp_ml.py seed 777
participants:P2,2024-06,361.74,SYNTHETIC,financials/nfp_ml.py seed 777
participants:P2,2024-07,356.88,SYNTHETIC,financials/nfp_ml.py seed 777
participants:P2,2024-08,367.02,SYNTHETIC,financials/nfp_ml.py seed 777
participants:P2,2024-09,406.23,SYNTHETIC,financials/nfp_ml.py seed 777
participants:P2,2024-10,361.96,SYNTHETIC,financials/nfp_ml.py seed 777
participants:P2,2024-11,355.25,SYNTHETIC,financials/nfp_ml.py seed 777
participants:P2,2024-12,369.03,SYNTHETIC,financials/nfp_ml.py seed 777
participants:P2,2025-01,392.35,SYNTHETIC,financials/nfp_ml.py seed 777
participants:P2,2025-02,390.85,SYNTHETIC,financials/nfp_ml.py seed 777
participants:P2,2025-03,381.2,SYNTHETIC,financials/nfp_ml.py seed 777
participants:P2,2025-04,373.68,SYNTHETIC,financials/nfp_ml.py seed 777
participants:P2,2025-05,368.51,SYNTHETIC,financials/nfp_ml.py seed 777
participants:P2,2025-06,391.63,SYNTHETIC,financials/nfp_ml.py seed 777
participants:P2,2025-07,370.16,SYNTHETIC,financials/nfp_ml.py seed 777
participants:P2,2025-08,364.05,SYNTHETIC,financials/nfp_ml.py seed 777
participants:P2,2025-09,376.31,SYNTHETIC,financials/nfp_ml.py seed 777
participants:P2,2025-10,393.65,SYNTHETIC,financials/nfp_ml.py seed 777
participants:P2,2025-11,383.84,SYNTHETIC,financials/nfp_ml.py seed 777
participants:P2,2025-12,393.2,SYNTHETIC,financials/nfp_ml.py seed 777
participants:P2,2026-01,401.77,SYNTHETIC,financials/nfp_ml.py seed 777
participants:P2,2026-02,376.61,SYNTHETIC,financials/nfp_ml.py seed 777
participants:P2,2026-03,383.86,SYNTHETIC,financials/nfp_ml.py seed 777
participants:P2,2026-04,388.47,SYNTHETIC,financials/nfp_ml.py seed 777
participants:P2,2026-05,379.56,SYNTHETIC,financials/nfp_ml.py seed 777
participants:P2,2026-06,412.7,SYNTHETIC,financials/nfp_ml.py seed 777
participants:P2,2026-07,410.48,SYNTHETIC,financials/nfp_ml.py seed 777
participants:P2,2026-08,429.79,SYNTHETIC,financials/nfp_ml.py seed 777
participants:P2,2026-09,423.33,SYNTHETIC,financials/nfp_ml.py seed 777
cost:P2,2022-10,48454.94,SYNTHETIC,financials/nfp_ml.py seed 777
cost:P2,2022-11,49002.29,SYNTHETIC,financials/nfp_ml.py seed 777
cost:P2,2022-12,48390.84,SYNTHETIC,financials/nfp_ml.py seed 777
cost:P2,2023-01,49296.96,SYNTHETIC,financials/nfp_ml.py seed 777
cost:P2,2023-02,48292.84,SYNTHETIC,financials/nfp_ml.py seed 777
cost:P2,2023-03,47517.34,SYNTHETIC,financials/nfp_ml.py seed 777
cost:P2,2023-04,48507.93,SYNTHETIC,financials/nfp_ml.py seed 777
cost:P2,2023-05,49275.33,SYNTHETIC,financials/nfp_ml.py seed 777
cost:P2,2023-06,49185.24,SYNTHETIC,financials/nfp_ml.py seed 777
cost:P2,2023-07,47512.26,SYNTHETIC,financials/nfp_ml.py seed 777
cost:P2,2023-08,48219.38,SYNTHETIC,financials/nfp_ml.py seed 777
cost:P2,2023-09,49567.75,SYNTHETIC,financials/nfp_ml.py seed 777
cost:P2,2023-10,48909.38,SYNTHETIC,financials/nfp_ml.py seed 777
cost:P2,2023-11,49439.94,SYNTHETIC,financials/nfp_ml.py seed 777
cost:P2,2023-12,50276.85,SYNTHETIC,financials/nfp_ml.py seed 777
cost:P2,2024-01,48343.75,SYNTHETIC,financials/nfp_ml.py seed 777
cost:P2,2024-02,49860.0,SYNTHETIC,financials/nfp_ml.py seed 777
cost:P2,2024-03,49613.32,SYNTHETIC,financials/nfp_ml.py seed 777
cost:P2,2024-04,49417.3,SYNTHETIC,financials/nfp_ml.py seed 777
cost:P2,2024-05,50439.31,SYNTHETIC,financials/nfp_ml.py seed 777
cost:P2,2024-06,48496.54,SYNTHETIC,financials/nfp_ml.py seed 777
cost:P2,2024-07,51220.15,SYNTHETIC,financials/nfp_ml.py seed 777
cost:P2,2024-08,50001.75,SYNTHETIC,financials/nfp_ml.py seed 777
cost:P2,2024-09,50689.37,SYNTHETIC,financials/nfp_ml.py seed 777
cost:P2,2024-10,50573.6,SYNTHETIC,financials/nfp_ml.py seed 777
cost:P2,2024-11,50201.01,SYNTHETIC,financials/nfp_ml.py seed 777
cost:P2,2024-12,51606.88,SYNTHETIC,financials/nfp_ml.py seed 777
cost:P2,2025-01,49631.93,SYNTHETIC,financials/nfp_ml.py seed 777
cost:P2,2025-02,50632.61,SYNTHETIC,financials/nfp_ml.py seed 777
cost:P2,2025-03,51093.79,SYNTHETIC,financials/nfp_ml.py seed 777
cost:P2,2025-04,51598.28,SYNTHETIC,financials/nfp_ml.py seed 777
cost:P2,2025-05,52736.05,SYNTHETIC,financials/nfp_ml.py seed 777
cost:P2,2025-06,52138.78,SYNTHETIC,financials/nfp_ml.py seed 777
cost:P2,2025-07,53099.05,SYNTHETIC,financials/nfp_ml.py seed 777
cost:P2,2025-08,52215.13,SYNTHETIC,financials/nfp_ml.py seed 777
cost:P2,2025-09,50231.82,SYNTHETIC,financials/nfp_ml.py seed 777
cost:P2,2025-10,51398.51,SYNTHETIC,financials/nfp_ml.py seed 777
cost:P2,2025-11,52998.03,SYNTHETIC,financials/nfp_ml.py seed 777
cost:P2,2025-12,53339.09,SYNTHETIC,financials/nfp_ml.py seed 777
cost:P2,2026-01,52498.29,SYNTHETIC,financials/nfp_ml.py seed 777
cost:P2,2026-02,52072.4,SYNTHETIC,financials/nfp_ml.py seed 777
cost:P2,2026-03,52498.12,SYNTHETIC,financials/nfp_ml.py seed 777
cost:P2,2026-04,52401.43,SYNTHETIC,financials/nfp_ml.py seed 777
cost:P2,2026-05,52487.12,SYNTHETIC,financials/nfp_ml.py seed 777
cost:P2,2026-06,53848.98,SYNTHETIC,financials/nfp_ml.py seed 777
cost:P2,2026-07,51774.53,SYNTHETIC,financials/nfp_ml.py seed 777
cost:P2,2026-08,52963.16,SYNTHETIC,financials/nfp_ml.py seed 777
cost:P2,2026-09,53834.41,SYNTHETIC,financials/nfp_ml.py seed 777
participants:P3,2022-10,200.47,SYNTHETIC,financials/nfp_ml.py seed 777
participants:P3,2022-11,210.65,SYNTHETIC,financials/nfp_ml.py seed 777
participants:P3,2022-12,201.58,SYNTHETIC,financials/nfp_ml.py seed 777
participants:P3,2023-01,210.48,SYNTHETIC,financials/nfp_ml.py seed 777
participants:P3,2023-02,201.32,SYNTHETIC,financials/nfp_ml.py seed 777
participants:P3,2023-03,219.15,SYNTHETIC,financials/nfp_ml.py seed 777
participants:P3,2023-04,226.19,SYNTHETIC,financials/nfp_ml.py seed 777
participants:P3,2023-05,216.42,SYNTHETIC,financials/nfp_ml.py seed 777
participants:P3,2023-06,208.9,SYNTHETIC,financials/nfp_ml.py seed 777
participants:P3,2023-07,209.26,SYNTHETIC,financials/nfp_ml.py seed 777
participants:P3,2023-08,215.77,SYNTHETIC,financials/nfp_ml.py seed 777
participants:P3,2023-09,232.79,SYNTHETIC,financials/nfp_ml.py seed 777
participants:P3,2023-10,221.17,SYNTHETIC,financials/nfp_ml.py seed 777
participants:P3,2023-11,213.3,SYNTHETIC,financials/nfp_ml.py seed 777
participants:P3,2023-12,219.94,SYNTHETIC,financials/nfp_ml.py seed 777
participants:P3,2024-01,232.42,SYNTHETIC,financials/nfp_ml.py seed 777
participants:P3,2024-02,221.6,SYNTHETIC,financials/nfp_ml.py seed 777
participants:P3,2024-03,211.32,SYNTHETIC,financials/nfp_ml.py seed 777
participants:P3,2024-04,223.3,SYNTHETIC,financials/nfp_ml.py seed 777
participants:P3,2024-05,226.84,SYNTHETIC,financials/nfp_ml.py seed 777
participants:P3,2024-06,223.27,SYNTHETIC,financials/nfp_ml.py seed 777
participants:P3,2024-07,223.51,SYNTHETIC,financials/nfp_ml.py seed 777
participants:P3,2024-08,222.1,SYNTHETIC,financials/nfp_ml.py seed 777
participants:P3,2024-09,241.45,SYNTHETIC,financials/nfp_ml.py seed 777
participants:P3,2024-10,211.3,SYNTHETIC,financials/nfp_ml.py seed 777
participants:P3,2024-11,230.16,SYNTHETIC,financials/nfp_ml.py seed 777
participants:P3,2024-12,229.58,SYNTHETIC,financials/nfp_ml.py seed 777
participants:P3,2025-01,255.84,SYNTHETIC,financials/nfp_ml.py seed 777
participants:P3,2025-02,234.74,SYNTHETIC,financials/nfp_ml.py seed 777
participants:P3,2025-03,236.63,SYNTHETIC,financials/nfp_ml.py seed 777
participants:P3,2025-04,251.78,SYNTHETIC,financials/nfp_ml.py seed 777
participants:P3,2025-05,229.75,SYNTHETIC,financials/nfp_ml.py seed 777
participants:P3,2025-06,242.91,SYNTHETIC,financials/nfp_ml.py seed 777
participants:P3,2025-07,227.73,SYNTHETIC,financials/nfp_ml.py seed 777
participants:P3,2025-08,225.62,SYNTHETIC,financials/nfp_ml.py seed 777
participants:P3,2025-09,247.1,SYNTHETIC,financials/nfp_ml.py seed 777
participants:P3,2025-10,246.37,SYNTHETIC,financials/nfp_ml.py seed 777
participants:P3,2025-11,224.04,SYNTHETIC,financials/nfp_ml.py seed 777
participants:P3,2025-12,250.75,SYNTHETIC,financials/nfp_ml.py seed 777
participants:P3,2026-01,245.74,SYNTHETIC,financials/nfp_ml.py seed 777
participants:P3,2026-02,242.62,SYNTHETIC,financials/nfp_ml.py seed 777
participants:P3,2026-03,249.42,SYNTHETIC,financials/nfp_ml.py seed 777
participants:P3,2026-04,262.54,SYNTHETIC,financials/nfp_ml.py seed 777
participants:P3,2026-05,243.99,SYNTHETIC,financials/nfp_ml.py seed 777
participants:P3,2026-06,237.82,SYNTHETIC,financials/nfp_ml.py seed 777
participants:P3,2026-07,252.66,SYNTHETIC,financials/nfp_ml.py seed 777
participants:P3,2026-08,246.88,SYNTHETIC,financials/nfp_ml.py seed 777
participants:P3,2026-09,275.7,SYNTHETIC,financials/nfp_ml.py seed 777
cost:P3,2022-10,37722.15,SYNTHETIC,financials/nfp_ml.py seed 777
cost:P3,2022-11,38486.44,SYNTHETIC,financials/nfp_ml.py seed 777
cost:P3,2022-12,37525.69,SYNTHETIC,financials/nfp_ml.py seed 777
cost:P3,2023-01,35834.82,SYNTHETIC,financials/nfp_ml.py seed 777
cost:P3,2023-02,37029.98,SYNTHETIC,financials/nfp_ml.py seed 777
cost:P3,2023-03,37368.91,SYNTHETIC,financials/nfp_ml.py seed 777
cost:P3,2023-04,38774.46,SYNTHETIC,financials/nfp_ml.py seed 777
cost:P3,2023-05,38485.29,SYNTHETIC,financials/nfp_ml.py seed 777
cost:P3,2023-06,38528.16,SYNTHETIC,financials/nfp_ml.py seed 777
cost:P3,2023-07,37885.65,SYNTHETIC,financials/nfp_ml.py seed 777
cost:P3,2023-08,38698.71,SYNTHETIC,financials/nfp_ml.py seed 777
cost:P3,2023-09,39216.34,SYNTHETIC,financials/nfp_ml.py seed 777
cost:P3,2023-10,38236.29,SYNTHETIC,financials/nfp_ml.py seed 777
cost:P3,2023-11,38815.84,SYNTHETIC,financials/nfp_ml.py seed 777
cost:P3,2023-12,36928.84,SYNTHETIC,financials/nfp_ml.py seed 777
cost:P3,2024-01,38919.86,SYNTHETIC,financials/nfp_ml.py seed 777
cost:P3,2024-02,38135.98,SYNTHETIC,financials/nfp_ml.py seed 777
cost:P3,2024-03,38883.37,SYNTHETIC,financials/nfp_ml.py seed 777
cost:P3,2024-04,39014.95,SYNTHETIC,financials/nfp_ml.py seed 777
cost:P3,2024-05,39239.23,SYNTHETIC,financials/nfp_ml.py seed 777
cost:P3,2024-06,38463.92,SYNTHETIC,financials/nfp_ml.py seed 777
cost:P3,2024-07,39472.26,SYNTHETIC,financials/nfp_ml.py seed 777
cost:P3,2024-08,39295.58,SYNTHETIC,financials/nfp_ml.py seed 777
cost:P3,2024-09,39281.19,SYNTHETIC,financials/nfp_ml.py seed 777
cost:P3,2024-10,40868.91,SYNTHETIC,financials/nfp_ml.py seed 777
cost:P3,2024-11,39134.32,SYNTHETIC,financials/nfp_ml.py seed 777
cost:P3,2024-12,38691.19,SYNTHETIC,financials/nfp_ml.py seed 777
cost:P3,2025-01,39388.24,SYNTHETIC,financials/nfp_ml.py seed 777
cost:P3,2025-02,40636.0,SYNTHETIC,financials/nfp_ml.py seed 777
cost:P3,2025-03,39028.08,SYNTHETIC,financials/nfp_ml.py seed 777
cost:P3,2025-04,41629.76,SYNTHETIC,financials/nfp_ml.py seed 777
cost:P3,2025-05,40752.5,SYNTHETIC,financials/nfp_ml.py seed 777
cost:P3,2025-06,39882.86,SYNTHETIC,financials/nfp_ml.py seed 777
cost:P3,2025-07,40868.0,SYNTHETIC,financials/nfp_ml.py seed 777
cost:P3,2025-08,41479.2,SYNTHETIC,financials/nfp_ml.py seed 777
cost:P3,2025-09,40236.2,SYNTHETIC,financials/nfp_ml.py seed 777
cost:P3,2025-10,39985.4,SYNTHETIC,financials/nfp_ml.py seed 777
cost:P3,2025-11,40602.14,SYNTHETIC,financials/nfp_ml.py seed 777
cost:P3,2025-12,40953.16,SYNTHETIC,financials/nfp_ml.py seed 777
cost:P3,2026-01,40526.24,SYNTHETIC,financials/nfp_ml.py seed 777
cost:P3,2026-02,40933.95,SYNTHETIC,financials/nfp_ml.py seed 777
cost:P3,2026-03,40959.34,SYNTHETIC,financials/nfp_ml.py seed 777
cost:P3,2026-04,41490.47,SYNTHETIC,financials/nfp_ml.py seed 777
cost:P3,2026-05,41747.45,SYNTHETIC,financials/nfp_ml.py seed 777
cost:P3,2026-06,42822.95,SYNTHETIC,financials/nfp_ml.py seed 777
cost:P3,2026-07,41936.05,SYNTHETIC,financials/nfp_ml.py seed 777
cost:P3,2026-08,41112.89,SYNTHETIC,financials/nfp_ml.py seed 777
cost:P3,2026-09,41898.1,SYNTHETIC,financials/nfp_ml.py seed 777
participants:P4,2022-10,714.95,SYNTHETIC,financials/nfp_ml.py seed 777
participants:P4,2022-11,734.95,SYNTHETIC,financials/nfp_ml.py seed 777
participants:P4,2022-12,735.98,SYNTHETIC,financials/nfp_ml.py seed 777
participants:P4,2023-01,820.69,SYNTHETIC,financials/nfp_ml.py seed 777
participants:P4,2023-02,752.28,SYNTHETIC,financials/nfp_ml.py seed 777
participants:P4,2023-03,741.72,SYNTHETIC,financials/nfp_ml.py seed 777
participants:P4,2023-04,781.55,SYNTHETIC,financials/nfp_ml.py seed 777
participants:P4,2023-05,793.02,SYNTHETIC,financials/nfp_ml.py seed 777
participants:P4,2023-06,775.11,SYNTHETIC,financials/nfp_ml.py seed 777
participants:P4,2023-07,747.02,SYNTHETIC,financials/nfp_ml.py seed 777
participants:P4,2023-08,726.22,SYNTHETIC,financials/nfp_ml.py seed 777
participants:P4,2023-09,829.72,SYNTHETIC,financials/nfp_ml.py seed 777
participants:P4,2023-10,787.59,SYNTHETIC,financials/nfp_ml.py seed 777
participants:P4,2023-11,824.96,SYNTHETIC,financials/nfp_ml.py seed 777
participants:P4,2023-12,779.87,SYNTHETIC,financials/nfp_ml.py seed 777
participants:P4,2024-01,815.32,SYNTHETIC,financials/nfp_ml.py seed 777
participants:P4,2024-02,790.0,SYNTHETIC,financials/nfp_ml.py seed 777
participants:P4,2024-03,788.49,SYNTHETIC,financials/nfp_ml.py seed 777
participants:P4,2024-04,791.9,SYNTHETIC,financials/nfp_ml.py seed 777
participants:P4,2024-05,779.3,SYNTHETIC,financials/nfp_ml.py seed 777
participants:P4,2024-06,842.53,SYNTHETIC,financials/nfp_ml.py seed 777
participants:P4,2024-07,827.37,SYNTHETIC,financials/nfp_ml.py seed 777
participants:P4,2024-08,828.81,SYNTHETIC,financials/nfp_ml.py seed 777
participants:P4,2024-09,827.62,SYNTHETIC,financials/nfp_ml.py seed 777
participants:P4,2024-10,803.47,SYNTHETIC,financials/nfp_ml.py seed 777
participants:P4,2024-11,826.92,SYNTHETIC,financials/nfp_ml.py seed 777
participants:P4,2024-12,842.82,SYNTHETIC,financials/nfp_ml.py seed 777
participants:P4,2025-01,911.02,SYNTHETIC,financials/nfp_ml.py seed 777
participants:P4,2025-02,849.17,SYNTHETIC,financials/nfp_ml.py seed 777
participants:P4,2025-03,795.0,SYNTHETIC,financials/nfp_ml.py seed 777
participants:P4,2025-04,847.75,SYNTHETIC,financials/nfp_ml.py seed 777
participants:P4,2025-05,812.83,SYNTHETIC,financials/nfp_ml.py seed 777
participants:P4,2025-06,830.73,SYNTHETIC,financials/nfp_ml.py seed 777
participants:P4,2025-07,834.32,SYNTHETIC,financials/nfp_ml.py seed 777
participants:P4,2025-08,886.34,SYNTHETIC,financials/nfp_ml.py seed 777
participants:P4,2025-09,890.04,SYNTHETIC,financials/nfp_ml.py seed 777
participants:P4,2025-10,848.95,SYNTHETIC,financials/nfp_ml.py seed 777
participants:P4,2025-11,869.75,SYNTHETIC,financials/nfp_ml.py seed 777
participants:P4,2025-12,887.51,SYNTHETIC,financials/nfp_ml.py seed 777
participants:P4,2026-01,915.29,SYNTHETIC,financials/nfp_ml.py seed 777
participants:P4,2026-02,839.27,SYNTHETIC,financials/nfp_ml.py seed 777
participants:P4,2026-03,892.37,SYNTHETIC,financials/nfp_ml.py seed 777
participants:P4,2026-04,882.31,SYNTHETIC,financials/nfp_ml.py seed 777
participants:P4,2026-05,882.54,SYNTHETIC,financials/nfp_ml.py seed 777
participants:P4,2026-06,914.45,SYNTHETIC,financials/nfp_ml.py seed 777
participants:P4,2026-07,860.0,SYNTHETIC,financials/nfp_ml.py seed 777
participants:P4,2026-08,889.16,SYNTHETIC,financials/nfp_ml.py seed 777
participants:P4,2026-09,974.93,SYNTHETIC,financials/nfp_ml.py seed 777
cost:P4,2022-10,68882.69,SYNTHETIC,financials/nfp_ml.py seed 777
cost:P4,2022-11,69638.71,SYNTHETIC,financials/nfp_ml.py seed 777
cost:P4,2022-12,73584.74,SYNTHETIC,financials/nfp_ml.py seed 777
cost:P4,2023-01,70049.85,SYNTHETIC,financials/nfp_ml.py seed 777
cost:P4,2023-02,71656.97,SYNTHETIC,financials/nfp_ml.py seed 777
cost:P4,2023-03,72704.73,SYNTHETIC,financials/nfp_ml.py seed 777
cost:P4,2023-04,74187.26,SYNTHETIC,financials/nfp_ml.py seed 777
cost:P4,2023-05,74208.92,SYNTHETIC,financials/nfp_ml.py seed 777
cost:P4,2023-06,71821.02,SYNTHETIC,financials/nfp_ml.py seed 777
cost:P4,2023-07,74834.84,SYNTHETIC,financials/nfp_ml.py seed 777
cost:P4,2023-08,74253.81,SYNTHETIC,financials/nfp_ml.py seed 777
cost:P4,2023-09,71494.2,SYNTHETIC,financials/nfp_ml.py seed 777
cost:P4,2023-10,72352.45,SYNTHETIC,financials/nfp_ml.py seed 777
cost:P4,2023-11,74844.73,SYNTHETIC,financials/nfp_ml.py seed 777
cost:P4,2023-12,71614.9,SYNTHETIC,financials/nfp_ml.py seed 777
cost:P4,2024-01,74944.58,SYNTHETIC,financials/nfp_ml.py seed 777
cost:P4,2024-02,73948.02,SYNTHETIC,financials/nfp_ml.py seed 777
cost:P4,2024-03,72541.61,SYNTHETIC,financials/nfp_ml.py seed 777
cost:P4,2024-04,73178.92,SYNTHETIC,financials/nfp_ml.py seed 777
cost:P4,2024-05,75458.89,SYNTHETIC,financials/nfp_ml.py seed 777
cost:P4,2024-06,72868.79,SYNTHETIC,financials/nfp_ml.py seed 777
cost:P4,2024-07,75763.68,SYNTHETIC,financials/nfp_ml.py seed 777
cost:P4,2024-08,75869.89,SYNTHETIC,financials/nfp_ml.py seed 777
cost:P4,2024-09,75452.59,SYNTHETIC,financials/nfp_ml.py seed 777
cost:P4,2024-10,76278.98,SYNTHETIC,financials/nfp_ml.py seed 777
cost:P4,2024-11,76562.28,SYNTHETIC,financials/nfp_ml.py seed 777
cost:P4,2024-12,75769.25,SYNTHETIC,financials/nfp_ml.py seed 777
cost:P4,2025-01,74752.91,SYNTHETIC,financials/nfp_ml.py seed 777
cost:P4,2025-02,78201.6,SYNTHETIC,financials/nfp_ml.py seed 777
cost:P4,2025-03,76470.54,SYNTHETIC,financials/nfp_ml.py seed 777
cost:P4,2025-04,76162.73,SYNTHETIC,financials/nfp_ml.py seed 777
cost:P4,2025-05,73973.08,SYNTHETIC,financials/nfp_ml.py seed 777
cost:P4,2025-06,76822.05,SYNTHETIC,financials/nfp_ml.py seed 777
cost:P4,2025-07,77297.38,SYNTHETIC,financials/nfp_ml.py seed 777
cost:P4,2025-08,77289.56,SYNTHETIC,financials/nfp_ml.py seed 777
cost:P4,2025-09,75035.26,SYNTHETIC,financials/nfp_ml.py seed 777
cost:P4,2025-10,73680.27,SYNTHETIC,financials/nfp_ml.py seed 777
cost:P4,2025-11,76122.13,SYNTHETIC,financials/nfp_ml.py seed 777
cost:P4,2025-12,77114.08,SYNTHETIC,financials/nfp_ml.py seed 777
cost:P4,2026-01,77365.34,SYNTHETIC,financials/nfp_ml.py seed 777
cost:P4,2026-02,73143.33,SYNTHETIC,financials/nfp_ml.py seed 777
cost:P4,2026-03,79999.09,SYNTHETIC,financials/nfp_ml.py seed 777
cost:P4,2026-04,79890.15,SYNTHETIC,financials/nfp_ml.py seed 777
cost:P4,2026-05,79309.68,SYNTHETIC,financials/nfp_ml.py seed 777
cost:P4,2026-06,78565.78,SYNTHETIC,financials/nfp_ml.py seed 777
cost:P4,2026-07,77700.19,SYNTHETIC,financials/nfp_ml.py seed 777
cost:P4,2026-08,79996.47,SYNTHETIC,financials/nfp_ml.py seed 777
cost:P4,2026-09,80827.98,SYNTHETIC,financials/nfp_ml.py seed 777
participants:P5,2022-10,248.8,SYNTHETIC,financials/nfp_ml.py seed 777
participants:P5,2022-11,243.36,SYNTHETIC,financials/nfp_ml.py seed 777
participants:P5,2022-12,239.34,SYNTHETIC,financials/nfp_ml.py seed 777
participants:P5,2023-01,263.61,SYNTHETIC,financials/nfp_ml.py seed 777
participants:P5,2023-02,244.31,SYNTHETIC,financials/nfp_ml.py seed 777
participants:P5,2023-03,260.84,SYNTHETIC,financials/nfp_ml.py seed 777
participants:P5,2023-04,253.31,SYNTHETIC,financials/nfp_ml.py seed 777
participants:P5,2023-05,245.57,SYNTHETIC,financials/nfp_ml.py seed 777
participants:P5,2023-06,248.87,SYNTHETIC,financials/nfp_ml.py seed 777
participants:P5,2023-07,258.2,SYNTHETIC,financials/nfp_ml.py seed 777
participants:P5,2023-08,257.36,SYNTHETIC,financials/nfp_ml.py seed 777
participants:P5,2023-09,256.53,SYNTHETIC,financials/nfp_ml.py seed 777
participants:P5,2023-10,267.45,SYNTHETIC,financials/nfp_ml.py seed 777
participants:P5,2023-11,246.91,SYNTHETIC,financials/nfp_ml.py seed 777
participants:P5,2023-12,255.18,SYNTHETIC,financials/nfp_ml.py seed 777
participants:P5,2024-01,288.8,SYNTHETIC,financials/nfp_ml.py seed 777
participants:P5,2024-02,254.75,SYNTHETIC,financials/nfp_ml.py seed 777
participants:P5,2024-03,275.67,SYNTHETIC,financials/nfp_ml.py seed 777
participants:P5,2024-04,261.37,SYNTHETIC,financials/nfp_ml.py seed 777
participants:P5,2024-05,261.98,SYNTHETIC,financials/nfp_ml.py seed 777
participants:P5,2024-06,272.26,SYNTHETIC,financials/nfp_ml.py seed 777
participants:P5,2024-07,285.92,SYNTHETIC,financials/nfp_ml.py seed 777
participants:P5,2024-08,267.69,SYNTHETIC,financials/nfp_ml.py seed 777
participants:P5,2024-09,294.48,SYNTHETIC,financials/nfp_ml.py seed 777
participants:P5,2024-10,252.13,SYNTHETIC,financials/nfp_ml.py seed 777
participants:P5,2024-11,276.72,SYNTHETIC,financials/nfp_ml.py seed 777
participants:P5,2024-12,267.68,SYNTHETIC,financials/nfp_ml.py seed 777
participants:P5,2025-01,303.36,SYNTHETIC,financials/nfp_ml.py seed 777
participants:P5,2025-02,267.63,SYNTHETIC,financials/nfp_ml.py seed 777
participants:P5,2025-03,278.87,SYNTHETIC,financials/nfp_ml.py seed 777
participants:P5,2025-04,278.22,SYNTHETIC,financials/nfp_ml.py seed 777
participants:P5,2025-05,294.62,SYNTHETIC,financials/nfp_ml.py seed 777
participants:P5,2025-06,279.1,SYNTHETIC,financials/nfp_ml.py seed 777
participants:P5,2025-07,273.99,SYNTHETIC,financials/nfp_ml.py seed 777
participants:P5,2025-08,281.67,SYNTHETIC,financials/nfp_ml.py seed 777
participants:P5,2025-09,302.09,SYNTHETIC,financials/nfp_ml.py seed 777
participants:P5,2025-10,286.6,SYNTHETIC,financials/nfp_ml.py seed 777
participants:P5,2025-11,289.37,SYNTHETIC,financials/nfp_ml.py seed 777
participants:P5,2025-12,304.4,SYNTHETIC,financials/nfp_ml.py seed 777
participants:P5,2026-01,296.4,SYNTHETIC,financials/nfp_ml.py seed 777
participants:P5,2026-02,301.86,SYNTHETIC,financials/nfp_ml.py seed 777
participants:P5,2026-03,290.24,SYNTHETIC,financials/nfp_ml.py seed 777
participants:P5,2026-04,284.23,SYNTHETIC,financials/nfp_ml.py seed 777
participants:P5,2026-05,283.07,SYNTHETIC,financials/nfp_ml.py seed 777
participants:P5,2026-06,293.73,SYNTHETIC,financials/nfp_ml.py seed 777
participants:P5,2026-07,313.95,SYNTHETIC,financials/nfp_ml.py seed 777
participants:P5,2026-08,297.19,SYNTHETIC,financials/nfp_ml.py seed 777
participants:P5,2026-09,343.12,SYNTHETIC,financials/nfp_ml.py seed 777
cost:P5,2022-10,31006.14,SYNTHETIC,financials/nfp_ml.py seed 777
cost:P5,2022-11,31259.74,SYNTHETIC,financials/nfp_ml.py seed 777
cost:P5,2022-12,30966.63,SYNTHETIC,financials/nfp_ml.py seed 777
cost:P5,2023-01,32189.09,SYNTHETIC,financials/nfp_ml.py seed 777
cost:P5,2023-02,31440.16,SYNTHETIC,financials/nfp_ml.py seed 777
cost:P5,2023-03,30685.5,SYNTHETIC,financials/nfp_ml.py seed 777
cost:P5,2023-04,32581.01,SYNTHETIC,financials/nfp_ml.py seed 777
cost:P5,2023-05,31916.93,SYNTHETIC,financials/nfp_ml.py seed 777
cost:P5,2023-06,31781.98,SYNTHETIC,financials/nfp_ml.py seed 777
cost:P5,2023-07,31901.83,SYNTHETIC,financials/nfp_ml.py seed 777
cost:P5,2023-08,31607.58,SYNTHETIC,financials/nfp_ml.py seed 777
cost:P5,2023-09,32765.68,SYNTHETIC,financials/nfp_ml.py seed 777
cost:P5,2023-10,32489.72,SYNTHETIC,financials/nfp_ml.py seed 777
cost:P5,2023-11,31492.27,SYNTHETIC,financials/nfp_ml.py seed 777
cost:P5,2023-12,33355.9,SYNTHETIC,financials/nfp_ml.py seed 777
cost:P5,2024-01,32567.89,SYNTHETIC,financials/nfp_ml.py seed 777
cost:P5,2024-02,33634.43,SYNTHETIC,financials/nfp_ml.py seed 777
cost:P5,2024-03,32238.29,SYNTHETIC,financials/nfp_ml.py seed 777
cost:P5,2024-04,32947.67,SYNTHETIC,financials/nfp_ml.py seed 777
cost:P5,2024-05,32909.06,SYNTHETIC,financials/nfp_ml.py seed 777
cost:P5,2024-06,33088.53,SYNTHETIC,financials/nfp_ml.py seed 777
cost:P5,2024-07,33131.42,SYNTHETIC,financials/nfp_ml.py seed 777
cost:P5,2024-08,32973.48,SYNTHETIC,financials/nfp_ml.py seed 777
cost:P5,2024-09,32998.13,SYNTHETIC,financials/nfp_ml.py seed 777
cost:P5,2024-10,33781.38,SYNTHETIC,financials/nfp_ml.py seed 777
cost:P5,2024-11,32292.55,SYNTHETIC,financials/nfp_ml.py seed 777
cost:P5,2024-12,32485.03,SYNTHETIC,financials/nfp_ml.py seed 777
cost:P5,2025-01,34130.2,SYNTHETIC,financials/nfp_ml.py seed 777
cost:P5,2025-02,34268.42,SYNTHETIC,financials/nfp_ml.py seed 777
cost:P5,2025-03,33977.22,SYNTHETIC,financials/nfp_ml.py seed 777
cost:P5,2025-04,34774.26,SYNTHETIC,financials/nfp_ml.py seed 777
cost:P5,2025-05,34839.14,SYNTHETIC,financials/nfp_ml.py seed 777
cost:P5,2025-06,33977.65,SYNTHETIC,financials/nfp_ml.py seed 777
cost:P5,2025-07,34283.93,SYNTHETIC,financials/nfp_ml.py seed 777
cost:P5,2025-08,34069.15,SYNTHETIC,financials/nfp_ml.py seed 777
cost:P5,2025-09,35041.75,SYNTHETIC,financials/nfp_ml.py seed 777
cost:P5,2025-10,34842.97,SYNTHETIC,financials/nfp_ml.py seed 777
cost:P5,2025-11,34630.62,SYNTHETIC,financials/nfp_ml.py seed 777
cost:P5,2025-12,33847.11,SYNTHETIC,financials/nfp_ml.py seed 777
cost:P5,2026-01,34167.36,SYNTHETIC,financials/nfp_ml.py seed 777
cost:P5,2026-02,34687.23,SYNTHETIC,financials/nfp_ml.py seed 777
cost:P5,2026-03,34719.45,SYNTHETIC,financials/nfp_ml.py seed 777
cost:P5,2026-04,34597.21,SYNTHETIC,financials/nfp_ml.py seed 777
cost:P5,2026-05,35637.87,SYNTHETIC,financials/nfp_ml.py seed 777
cost:P5,2026-06,34144.33,SYNTHETIC,financials/nfp_ml.py seed 777
cost:P5,2026-07,34254.71,SYNTHETIC,financials/nfp_ml.py seed 777
cost:P5,2026-08,35863.32,SYNTHETIC,financials/nfp_ml.py seed 777
cost:P5,2026-09,34835.31,SYNTHETIC,financials/nfp_ml.py seed 777
participants:P6,2022-10,1169.88,SYNTHETIC,financials/nfp_ml.py seed 777
participants:P6,2022-11,1276.09,SYNTHETIC,financials/nfp_ml.py seed 777
participants:P6,2022-12,1260.28,SYNTHETIC,financials/nfp_ml.py seed 777
participants:P6,2023-01,1363.77,SYNTHETIC,financials/nfp_ml.py seed 777
participants:P6,2023-02,1260.5,SYNTHETIC,financials/nfp_ml.py seed 777
participants:P6,2023-03,1280.56,SYNTHETIC,financials/nfp_ml.py seed 777
participants:P6,2023-04,1236.7,SYNTHETIC,financials/nfp_ml.py seed 777
participants:P6,2023-05,1281.8,SYNTHETIC,financials/nfp_ml.py seed 777
participants:P6,2023-06,1261.31,SYNTHETIC,financials/nfp_ml.py seed 777
participants:P6,2023-07,1258.67,SYNTHETIC,financials/nfp_ml.py seed 777
participants:P6,2023-08,1242.15,SYNTHETIC,financials/nfp_ml.py seed 777
participants:P6,2023-09,1357.82,SYNTHETIC,financials/nfp_ml.py seed 777
participants:P6,2023-10,1244.8,SYNTHETIC,financials/nfp_ml.py seed 777
participants:P6,2023-11,1329.75,SYNTHETIC,financials/nfp_ml.py seed 777
participants:P6,2023-12,1265.12,SYNTHETIC,financials/nfp_ml.py seed 777
participants:P6,2024-01,1393.05,SYNTHETIC,financials/nfp_ml.py seed 777
participants:P6,2024-02,1295.55,SYNTHETIC,financials/nfp_ml.py seed 777
participants:P6,2024-03,1338.06,SYNTHETIC,financials/nfp_ml.py seed 777
participants:P6,2024-04,1346.19,SYNTHETIC,financials/nfp_ml.py seed 777
participants:P6,2024-05,1367.75,SYNTHETIC,financials/nfp_ml.py seed 777
participants:P6,2024-06,1336.79,SYNTHETIC,financials/nfp_ml.py seed 777
participants:P6,2024-07,1345.03,SYNTHETIC,financials/nfp_ml.py seed 777
participants:P6,2024-08,1404.48,SYNTHETIC,financials/nfp_ml.py seed 777
participants:P6,2024-09,1438.77,SYNTHETIC,financials/nfp_ml.py seed 777
participants:P6,2024-10,1429.05,SYNTHETIC,financials/nfp_ml.py seed 777
participants:P6,2024-11,1282.06,SYNTHETIC,financials/nfp_ml.py seed 777
participants:P6,2024-12,1329.81,SYNTHETIC,financials/nfp_ml.py seed 777
participants:P6,2025-01,1488.44,SYNTHETIC,financials/nfp_ml.py seed 777
participants:P6,2025-02,1406.01,SYNTHETIC,financials/nfp_ml.py seed 777
participants:P6,2025-03,1418.23,SYNTHETIC,financials/nfp_ml.py seed 777
participants:P6,2025-04,1361.61,SYNTHETIC,financials/nfp_ml.py seed 777
participants:P6,2025-05,1375.76,SYNTHETIC,financials/nfp_ml.py seed 777
participants:P6,2025-06,1413.02,SYNTHETIC,financials/nfp_ml.py seed 777
participants:P6,2025-07,1393.19,SYNTHETIC,financials/nfp_ml.py seed 777
participants:P6,2025-08,1453.75,SYNTHETIC,financials/nfp_ml.py seed 777
participants:P6,2025-09,1543.05,SYNTHETIC,financials/nfp_ml.py seed 777
participants:P6,2025-10,1374.64,SYNTHETIC,financials/nfp_ml.py seed 777
participants:P6,2025-11,1448.53,SYNTHETIC,financials/nfp_ml.py seed 777
participants:P6,2025-12,1505.98,SYNTHETIC,financials/nfp_ml.py seed 777
participants:P6,2026-01,1574.99,SYNTHETIC,financials/nfp_ml.py seed 777
participants:P6,2026-02,1430.08,SYNTHETIC,financials/nfp_ml.py seed 777
participants:P6,2026-03,1475.9,SYNTHETIC,financials/nfp_ml.py seed 777
participants:P6,2026-04,1509.6,SYNTHETIC,financials/nfp_ml.py seed 777
participants:P6,2026-05,1561.17,SYNTHETIC,financials/nfp_ml.py seed 777
participants:P6,2026-06,1492.08,SYNTHETIC,financials/nfp_ml.py seed 777
participants:P6,2026-07,1575.87,SYNTHETIC,financials/nfp_ml.py seed 777
participants:P6,2026-08,1478.71,SYNTHETIC,financials/nfp_ml.py seed 777
participants:P6,2026-09,1566.0,SYNTHETIC,financials/nfp_ml.py seed 777
cost:P6,2022-10,28953.51,SYNTHETIC,financials/nfp_ml.py seed 777
cost:P6,2022-11,28452.8,SYNTHETIC,financials/nfp_ml.py seed 777
cost:P6,2022-12,30083.15,SYNTHETIC,financials/nfp_ml.py seed 777
cost:P6,2023-01,28214.82,SYNTHETIC,financials/nfp_ml.py seed 777
cost:P6,2023-02,29080.5,SYNTHETIC,financials/nfp_ml.py seed 777
cost:P6,2023-03,28036.17,SYNTHETIC,financials/nfp_ml.py seed 777
cost:P6,2023-04,29255.8,SYNTHETIC,financials/nfp_ml.py seed 777
cost:P6,2023-05,30202.12,SYNTHETIC,financials/nfp_ml.py seed 777
cost:P6,2023-06,29266.23,SYNTHETIC,financials/nfp_ml.py seed 777
cost:P6,2023-07,30192.34,SYNTHETIC,financials/nfp_ml.py seed 777
cost:P6,2023-08,28949.31,SYNTHETIC,financials/nfp_ml.py seed 777
cost:P6,2023-09,29987.6,SYNTHETIC,financials/nfp_ml.py seed 777
cost:P6,2023-10,28834.26,SYNTHETIC,financials/nfp_ml.py seed 777
cost:P6,2023-11,29198.83,SYNTHETIC,financials/nfp_ml.py seed 777
cost:P6,2023-12,29652.62,SYNTHETIC,financials/nfp_ml.py seed 777
cost:P6,2024-01,29163.2,SYNTHETIC,financials/nfp_ml.py seed 777
cost:P6,2024-02,29355.27,SYNTHETIC,financials/nfp_ml.py seed 777
cost:P6,2024-03,29855.07,SYNTHETIC,financials/nfp_ml.py seed 777
cost:P6,2024-04,30998.91,SYNTHETIC,financials/nfp_ml.py seed 777
cost:P6,2024-05,29503.49,SYNTHETIC,financials/nfp_ml.py seed 777
cost:P6,2024-06,29778.95,SYNTHETIC,financials/nfp_ml.py seed 777
cost:P6,2024-07,30261.91,SYNTHETIC,financials/nfp_ml.py seed 777
cost:P6,2024-08,28956.87,SYNTHETIC,financials/nfp_ml.py seed 777
cost:P6,2024-09,31028.43,SYNTHETIC,financials/nfp_ml.py seed 777
cost:P6,2024-10,30718.94,SYNTHETIC,financials/nfp_ml.py seed 777
cost:P6,2024-11,30553.83,SYNTHETIC,financials/nfp_ml.py seed 777
cost:P6,2024-12,30129.07,SYNTHETIC,financials/nfp_ml.py seed 777
cost:P6,2025-01,30696.47,SYNTHETIC,financials/nfp_ml.py seed 777
cost:P6,2025-02,30141.77,SYNTHETIC,financials/nfp_ml.py seed 777
cost:P6,2025-03,29234.69,SYNTHETIC,financials/nfp_ml.py seed 777
cost:P6,2025-04,31397.5,SYNTHETIC,financials/nfp_ml.py seed 777
cost:P6,2025-05,29978.17,SYNTHETIC,financials/nfp_ml.py seed 777
cost:P6,2025-06,29995.7,SYNTHETIC,financials/nfp_ml.py seed 777
cost:P6,2025-07,31655.85,SYNTHETIC,financials/nfp_ml.py seed 777
cost:P6,2025-08,30493.77,SYNTHETIC,financials/nfp_ml.py seed 777
cost:P6,2025-09,30308.4,SYNTHETIC,financials/nfp_ml.py seed 777
cost:P6,2025-10,31098.71,SYNTHETIC,financials/nfp_ml.py seed 777
cost:P6,2025-11,30700.96,SYNTHETIC,financials/nfp_ml.py seed 777
cost:P6,2025-12,30898.85,SYNTHETIC,financials/nfp_ml.py seed 777
cost:P6,2026-01,29990.08,SYNTHETIC,financials/nfp_ml.py seed 777
cost:P6,2026-02,31689.53,SYNTHETIC,financials/nfp_ml.py seed 777
cost:P6,2026-03,32204.41,SYNTHETIC,financials/nfp_ml.py seed 777
cost:P6,2026-04,31944.2,SYNTHETIC,financials/nfp_ml.py seed 777
cost:P6,2026-05,31774.14,SYNTHETIC,financials/nfp_ml.py seed 777
cost:P6,2026-06,31399.45,SYNTHETIC,financials/nfp_ml.py seed 777
cost:P6,2026-07,30888.54,SYNTHETIC,financials/nfp_ml.py seed 777
cost:P6,2026-08,32266.19,SYNTHETIC,financials/nfp_ml.py seed 777
cost:P6,2026-09,32215.14,SYNTHETIC,financials/nfp_ml.py seed 777
participants:P7,2022-10,151.16,SYNTHETIC,financials/nfp_ml.py seed 777
participants:P7,2022-11,152.15,SYNTHETIC,financials/nfp_ml.py seed 777
participants:P7,2022-12,148.02,SYNTHETIC,financials/nfp_ml.py seed 777
participants:P7,2023-01,165.52,SYNTHETIC,financials/nfp_ml.py seed 777
participants:P7,2023-02,148.95,SYNTHETIC,financials/nfp_ml.py seed 777
participants:P7,2023-03,151.88,SYNTHETIC,financials/nfp_ml.py seed 777
participants:P7,2023-04,150.39,SYNTHETIC,financials/nfp_ml.py seed 777
participants:P7,2023-05,150.16,SYNTHETIC,financials/nfp_ml.py seed 777
participants:P7,2023-06,150.61,SYNTHETIC,financials/nfp_ml.py seed 777
participants:P7,2023-07,151.57,SYNTHETIC,financials/nfp_ml.py seed 777
participants:P7,2023-08,154.79,SYNTHETIC,financials/nfp_ml.py seed 777
participants:P7,2023-09,166.09,SYNTHETIC,financials/nfp_ml.py seed 777
participants:P7,2023-10,162.52,SYNTHETIC,financials/nfp_ml.py seed 777
participants:P7,2023-11,163.41,SYNTHETIC,financials/nfp_ml.py seed 777
participants:P7,2023-12,156.9,SYNTHETIC,financials/nfp_ml.py seed 777
participants:P7,2024-01,160.21,SYNTHETIC,financials/nfp_ml.py seed 777
participants:P7,2024-02,163.13,SYNTHETIC,financials/nfp_ml.py seed 777
participants:P7,2024-03,155.92,SYNTHETIC,financials/nfp_ml.py seed 777
participants:P7,2024-04,164.78,SYNTHETIC,financials/nfp_ml.py seed 777
participants:P7,2024-05,158.55,SYNTHETIC,financials/nfp_ml.py seed 777
participants:P7,2024-06,163.41,SYNTHETIC,financials/nfp_ml.py seed 777
participants:P7,2024-07,156.12,SYNTHETIC,financials/nfp_ml.py seed 777
participants:P7,2024-08,154.29,SYNTHETIC,financials/nfp_ml.py seed 777
participants:P7,2024-09,174.08,SYNTHETIC,financials/nfp_ml.py seed 777
participants:P7,2024-10,158.89,SYNTHETIC,financials/nfp_ml.py seed 777
participants:P7,2024-11,159.46,SYNTHETIC,financials/nfp_ml.py seed 777
participants:P7,2024-12,160.98,SYNTHETIC,financials/nfp_ml.py seed 777
participants:P7,2025-01,173.33,SYNTHETIC,financials/nfp_ml.py seed 777
participants:P7,2025-02,170.29,SYNTHETIC,financials/nfp_ml.py seed 777
participants:P7,2025-03,168.68,SYNTHETIC,financials/nfp_ml.py seed 777
participants:P7,2025-04,168.31,SYNTHETIC,financials/nfp_ml.py seed 777
participants:P7,2025-05,166.8,SYNTHETIC,financials/nfp_ml.py seed 777
participants:P7,2025-06,171.78,SYNTHETIC,financials/nfp_ml.py seed 777
participants:P7,2025-07,171.43,SYNTHETIC,financials/nfp_ml.py seed 777
participants:P7,2025-08,175.93,SYNTHETIC,financials/nfp_ml.py seed 777
participants:P7,2025-09,189.22,SYNTHETIC,financials/nfp_ml.py seed 777
participants:P7,2025-10,162.11,SYNTHETIC,financials/nfp_ml.py seed 777
participants:P7,2025-11,168.92,SYNTHETIC,financials/nfp_ml.py seed 777
participants:P7,2025-12,172.79,SYNTHETIC,financials/nfp_ml.py seed 777
participants:P7,2026-01,189.55,SYNTHETIC,financials/nfp_ml.py seed 777
participants:P7,2026-02,173.61,SYNTHETIC,financials/nfp_ml.py seed 777
participants:P7,2026-03,165.92,SYNTHETIC,financials/nfp_ml.py seed 777
participants:P7,2026-04,179.54,SYNTHETIC,financials/nfp_ml.py seed 777
participants:P7,2026-05,174.87,SYNTHETIC,financials/nfp_ml.py seed 777
participants:P7,2026-06,170.94,SYNTHETIC,financials/nfp_ml.py seed 777
participants:P7,2026-07,177.22,SYNTHETIC,financials/nfp_ml.py seed 777
participants:P7,2026-08,175.28,SYNTHETIC,financials/nfp_ml.py seed 777
participants:P7,2026-09,186.98,SYNTHETIC,financials/nfp_ml.py seed 777
cost:P7,2022-10,45303.89,SYNTHETIC,financials/nfp_ml.py seed 777
cost:P7,2022-11,44708.2,SYNTHETIC,financials/nfp_ml.py seed 777
cost:P7,2022-12,47636.7,SYNTHETIC,financials/nfp_ml.py seed 777
cost:P7,2023-01,43892.2,SYNTHETIC,financials/nfp_ml.py seed 777
cost:P7,2023-02,47328.6,SYNTHETIC,financials/nfp_ml.py seed 777
cost:P7,2023-03,47039.89,SYNTHETIC,financials/nfp_ml.py seed 777
cost:P7,2023-04,46852.5,SYNTHETIC,financials/nfp_ml.py seed 777
cost:P7,2023-05,46394.32,SYNTHETIC,financials/nfp_ml.py seed 777
cost:P7,2023-06,48182.28,SYNTHETIC,financials/nfp_ml.py seed 777
cost:P7,2023-07,47382.76,SYNTHETIC,financials/nfp_ml.py seed 777
cost:P7,2023-08,47212.81,SYNTHETIC,financials/nfp_ml.py seed 777
cost:P7,2023-09,46463.66,SYNTHETIC,financials/nfp_ml.py seed 777
cost:P7,2023-10,49068.04,SYNTHETIC,financials/nfp_ml.py seed 777
cost:P7,2023-11,46973.82,SYNTHETIC,financials/nfp_ml.py seed 777
cost:P7,2023-12,45509.46,SYNTHETIC,financials/nfp_ml.py seed 777
cost:P7,2024-01,48586.71,SYNTHETIC,financials/nfp_ml.py seed 777
cost:P7,2024-02,46747.04,SYNTHETIC,financials/nfp_ml.py seed 777
cost:P7,2024-03,48046.21,SYNTHETIC,financials/nfp_ml.py seed 777
cost:P7,2024-04,48342.73,SYNTHETIC,financials/nfp_ml.py seed 777
cost:P7,2024-05,46637.91,SYNTHETIC,financials/nfp_ml.py seed 777
cost:P7,2024-06,46107.73,SYNTHETIC,financials/nfp_ml.py seed 777
cost:P7,2024-07,48718.93,SYNTHETIC,financials/nfp_ml.py seed 777
cost:P7,2024-08,48965.12,SYNTHETIC,financials/nfp_ml.py seed 777
cost:P7,2024-09,49066.09,SYNTHETIC,financials/nfp_ml.py seed 777
cost:P7,2024-10,48174.02,SYNTHETIC,financials/nfp_ml.py seed 777
cost:P7,2024-11,48862.78,SYNTHETIC,financials/nfp_ml.py seed 777
cost:P7,2024-12,49183.41,SYNTHETIC,financials/nfp_ml.py seed 777
cost:P7,2025-01,47268.13,SYNTHETIC,financials/nfp_ml.py seed 777
cost:P7,2025-02,48481.12,SYNTHETIC,financials/nfp_ml.py seed 777
cost:P7,2025-03,48444.58,SYNTHETIC,financials/nfp_ml.py seed 777
cost:P7,2025-04,49516.95,SYNTHETIC,financials/nfp_ml.py seed 777
cost:P7,2025-05,47000.97,SYNTHETIC,financials/nfp_ml.py seed 777
cost:P7,2025-06,51393.74,SYNTHETIC,financials/nfp_ml.py seed 777
cost:P7,2025-07,50616.54,SYNTHETIC,financials/nfp_ml.py seed 777
cost:P7,2025-08,50314.69,SYNTHETIC,financials/nfp_ml.py seed 777
cost:P7,2025-09,50339.54,SYNTHETIC,financials/nfp_ml.py seed 777
cost:P7,2025-10,49869.52,SYNTHETIC,financials/nfp_ml.py seed 777
cost:P7,2025-11,50905.61,SYNTHETIC,financials/nfp_ml.py seed 777
cost:P7,2025-12,51134.36,SYNTHETIC,financials/nfp_ml.py seed 777
cost:P7,2026-01,50043.41,SYNTHETIC,financials/nfp_ml.py seed 777
cost:P7,2026-02,49720.6,SYNTHETIC,financials/nfp_ml.py seed 777
cost:P7,2026-03,48899.23,SYNTHETIC,financials/nfp_ml.py seed 777
cost:P7,2026-04,52029.31,SYNTHETIC,financials/nfp_ml.py seed 777
cost:P7,2026-05,49128.8,SYNTHETIC,financials/nfp_ml.py seed 777
cost:P7,2026-06,53054.35,SYNTHETIC,financials/nfp_ml.py seed 777
cost:P7,2026-07,47941.71,SYNTHETIC,financials/nfp_ml.py seed 777
cost:P7,2026-08,50825.18,SYNTHETIC,financials/nfp_ml.py seed 777
cost:P7,2026-09,51129.58,SYNTHETIC,financials/nfp_ml.py seed 777
participants:P8,2022-10,72.43,SYNTHETIC,financials/nfp_ml.py seed 777
participants:P8,2022-11,71.27,SYNTHETIC,financials/nfp_ml.py seed 777
participants:P8,2022-12,72.52,SYNTHETIC,financials/nfp_ml.py seed 777
participants:P8,2023-01,81.78,SYNTHETIC,financials/nfp_ml.py seed 777
participants:P8,2023-02,74.92,SYNTHETIC,financials/nfp_ml.py seed 777
participants:P8,2023-03,76.29,SYNTHETIC,financials/nfp_ml.py seed 777
participants:P8,2023-04,75.03,SYNTHETIC,financials/nfp_ml.py seed 777
participants:P8,2023-05,70.69,SYNTHETIC,financials/nfp_ml.py seed 777
participants:P8,2023-06,76.09,SYNTHETIC,financials/nfp_ml.py seed 777
participants:P8,2023-07,76.4,SYNTHETIC,financials/nfp_ml.py seed 777
participants:P8,2023-08,76.13,SYNTHETIC,financials/nfp_ml.py seed 777
participants:P8,2023-09,80.82,SYNTHETIC,financials/nfp_ml.py seed 777
participants:P8,2023-10,81.31,SYNTHETIC,financials/nfp_ml.py seed 777
participants:P8,2023-11,82.95,SYNTHETIC,financials/nfp_ml.py seed 777
participants:P8,2023-12,83.43,SYNTHETIC,financials/nfp_ml.py seed 777
participants:P8,2024-01,90.08,SYNTHETIC,financials/nfp_ml.py seed 777
participants:P8,2024-02,79.08,SYNTHETIC,financials/nfp_ml.py seed 777
participants:P8,2024-03,79.79,SYNTHETIC,financials/nfp_ml.py seed 777
participants:P8,2024-04,80.71,SYNTHETIC,financials/nfp_ml.py seed 777
participants:P8,2024-05,81.78,SYNTHETIC,financials/nfp_ml.py seed 777
participants:P8,2024-06,82.01,SYNTHETIC,financials/nfp_ml.py seed 777
participants:P8,2024-07,84.55,SYNTHETIC,financials/nfp_ml.py seed 777
participants:P8,2024-08,78.64,SYNTHETIC,financials/nfp_ml.py seed 777
participants:P8,2024-09,88.47,SYNTHETIC,financials/nfp_ml.py seed 777
participants:P8,2024-10,80.09,SYNTHETIC,financials/nfp_ml.py seed 777
participants:P8,2024-11,82.22,SYNTHETIC,financials/nfp_ml.py seed 777
participants:P8,2024-12,85.07,SYNTHETIC,financials/nfp_ml.py seed 777
participants:P8,2025-01,88.31,SYNTHETIC,financials/nfp_ml.py seed 777
participants:P8,2025-02,83.22,SYNTHETIC,financials/nfp_ml.py seed 777
participants:P8,2025-03,82.82,SYNTHETIC,financials/nfp_ml.py seed 777
participants:P8,2025-04,84.34,SYNTHETIC,financials/nfp_ml.py seed 777
participants:P8,2025-05,83.67,SYNTHETIC,financials/nfp_ml.py seed 777
participants:P8,2025-06,85.61,SYNTHETIC,financials/nfp_ml.py seed 777
participants:P8,2025-07,85.83,SYNTHETIC,financials/nfp_ml.py seed 777
participants:P8,2025-08,80.39,SYNTHETIC,financials/nfp_ml.py seed 777
participants:P8,2025-09,92.39,SYNTHETIC,financials/nfp_ml.py seed 777
participants:P8,2025-10,86.16,SYNTHETIC,financials/nfp_ml.py seed 777
participants:P8,2025-11,91.46,SYNTHETIC,financials/nfp_ml.py seed 777
participants:P8,2025-12,83.76,SYNTHETIC,financials/nfp_ml.py seed 777
participants:P8,2026-01,88.07,SYNTHETIC,financials/nfp_ml.py seed 777
participants:P8,2026-02,86.2,SYNTHETIC,financials/nfp_ml.py seed 777
participants:P8,2026-03,87.16,SYNTHETIC,financials/nfp_ml.py seed 777
participants:P8,2026-04,90.09,SYNTHETIC,financials/nfp_ml.py seed 777
participants:P8,2026-05,89.19,SYNTHETIC,financials/nfp_ml.py seed 777
participants:P8,2026-06,84.91,SYNTHETIC,financials/nfp_ml.py seed 777
participants:P8,2026-07,89.04,SYNTHETIC,financials/nfp_ml.py seed 777
participants:P8,2026-08,88.58,SYNTHETIC,financials/nfp_ml.py seed 777
participants:P8,2026-09,88.84,SYNTHETIC,financials/nfp_ml.py seed 777
cost:P8,2022-10,22800.33,SYNTHETIC,financials/nfp_ml.py seed 777
cost:P8,2022-11,23197.86,SYNTHETIC,financials/nfp_ml.py seed 777
cost:P8,2022-12,22644.49,SYNTHETIC,financials/nfp_ml.py seed 777
cost:P8,2023-01,22414.48,SYNTHETIC,financials/nfp_ml.py seed 777
cost:P8,2023-02,22642.26,SYNTHETIC,financials/nfp_ml.py seed 777
cost:P8,2023-03,23276.38,SYNTHETIC,financials/nfp_ml.py seed 777
cost:P8,2023-04,22414.51,SYNTHETIC,financials/nfp_ml.py seed 777
cost:P8,2023-05,22978.18,SYNTHETIC,financials/nfp_ml.py seed 777
cost:P8,2023-06,23071.2,SYNTHETIC,financials/nfp_ml.py seed 777
cost:P8,2023-07,23269.05,SYNTHETIC,financials/nfp_ml.py seed 777
cost:P8,2023-08,23192.89,SYNTHETIC,financials/nfp_ml.py seed 777
cost:P8,2023-09,23559.15,SYNTHETIC,financials/nfp_ml.py seed 777
cost:P8,2023-10,23130.98,SYNTHETIC,financials/nfp_ml.py seed 777
cost:P8,2023-11,23196.88,SYNTHETIC,financials/nfp_ml.py seed 777
cost:P8,2023-12,23306.97,SYNTHETIC,financials/nfp_ml.py seed 777
cost:P8,2024-01,23782.93,SYNTHETIC,financials/nfp_ml.py seed 777
cost:P8,2024-02,22793.26,SYNTHETIC,financials/nfp_ml.py seed 777
cost:P8,2024-03,24462.87,SYNTHETIC,financials/nfp_ml.py seed 777
cost:P8,2024-04,23023.33,SYNTHETIC,financials/nfp_ml.py seed 777
cost:P8,2024-05,24785.96,SYNTHETIC,financials/nfp_ml.py seed 777
cost:P8,2024-06,23929.93,SYNTHETIC,financials/nfp_ml.py seed 777
cost:P8,2024-07,23701.77,SYNTHETIC,financials/nfp_ml.py seed 777
cost:P8,2024-08,23472.42,SYNTHETIC,financials/nfp_ml.py seed 777
cost:P8,2024-09,23840.81,SYNTHETIC,financials/nfp_ml.py seed 777
cost:P8,2024-10,23231.96,SYNTHETIC,financials/nfp_ml.py seed 777
cost:P8,2024-11,23701.01,SYNTHETIC,financials/nfp_ml.py seed 777
cost:P8,2024-12,23336.74,SYNTHETIC,financials/nfp_ml.py seed 777
cost:P8,2025-01,24312.65,SYNTHETIC,financials/nfp_ml.py seed 777
cost:P8,2025-02,24556.9,SYNTHETIC,financials/nfp_ml.py seed 777
cost:P8,2025-03,23623.43,SYNTHETIC,financials/nfp_ml.py seed 777
cost:P8,2025-04,24586.64,SYNTHETIC,financials/nfp_ml.py seed 777
cost:P8,2025-05,24004.65,SYNTHETIC,financials/nfp_ml.py seed 777
cost:P8,2025-06,24566.24,SYNTHETIC,financials/nfp_ml.py seed 777
cost:P8,2025-07,23449.22,SYNTHETIC,financials/nfp_ml.py seed 777
cost:P8,2025-08,24201.51,SYNTHETIC,financials/nfp_ml.py seed 777
cost:P8,2025-09,23824.34,SYNTHETIC,financials/nfp_ml.py seed 777
cost:P8,2025-10,24331.45,SYNTHETIC,financials/nfp_ml.py seed 777
cost:P8,2025-11,24283.41,SYNTHETIC,financials/nfp_ml.py seed 777
cost:P8,2025-12,24227.7,SYNTHETIC,financials/nfp_ml.py seed 777
cost:P8,2026-01,25238.36,SYNTHETIC,financials/nfp_ml.py seed 777
cost:P8,2026-02,25058.77,SYNTHETIC,financials/nfp_ml.py seed 777
cost:P8,2026-03,24491.52,SYNTHETIC,financials/nfp_ml.py seed 777
cost:P8,2026-04,24414.83,SYNTHETIC,financials/nfp_ml.py seed 777
cost:P8,2026-05,24536.42,SYNTHETIC,financials/nfp_ml.py seed 777
cost:P8,2026-06,25341.39,SYNTHETIC,financials/nfp_ml.py seed 777
cost:P8,2026-07,24714.1,SYNTHETIC,financials/nfp_ml.py seed 777
cost:P8,2026-08,25213.09,SYNTHETIC,financials/nfp_ml.py seed 777
cost:P8,2026-09,24816.41,SYNTHETIC,financials/nfp_ml.py seed 777
donations:ORG,2022-10,84221.39,SYNTHETIC,financials/nfp_ml.py seed 777
donations:ORG,2022-11,87866.1,SYNTHETIC,financials/nfp_ml.py seed 777
donations:ORG,2022-12,199541.53,SYNTHETIC,financials/nfp_ml.py seed 777
donations:ORG,2023-01,85279.16,SYNTHETIC,financials/nfp_ml.py seed 777
donations:ORG,2023-02,93115.7,SYNTHETIC,financials/nfp_ml.py seed 777
donations:ORG,2023-03,82759.94,SYNTHETIC,financials/nfp_ml.py seed 777
donations:ORG,2023-04,85797.01,SYNTHETIC,financials/nfp_ml.py seed 777
donations:ORG,2023-05,83584.15,SYNTHETIC,financials/nfp_ml.py seed 777
donations:ORG,2023-06,92173.26,SYNTHETIC,financials/nfp_ml.py seed 777
donations:ORG,2023-07,83122.75,SYNTHETIC,financials/nfp_ml.py seed 777
donations:ORG,2023-08,88797.85,SYNTHETIC,financials/nfp_ml.py seed 777
donations:ORG,2023-09,88595.67,SYNTHETIC,financials/nfp_ml.py seed 777
donations:ORG,2023-10,88404.98,SYNTHETIC,financials/nfp_ml.py seed 777
donations:ORG,2023-11,80989.8,SYNTHETIC,financials/nfp_ml.py seed 777
donations:ORG,2023-12,184092.29,SYNTHETIC,financials/nfp_ml.py seed 777
donations:ORG,2024-01,88478.42,SYNTHETIC,financials/nfp_ml.py seed 777
donations:ORG,2024-02,93408.73,SYNTHETIC,financials/nfp_ml.py seed 777
donations:ORG,2024-03,90813.99,SYNTHETIC,financials/nfp_ml.py seed 777
donations:ORG,2024-04,81876.15,SYNTHETIC,financials/nfp_ml.py seed 777
donations:ORG,2024-05,79690.82,SYNTHETIC,financials/nfp_ml.py seed 777
donations:ORG,2024-06,91907.08,SYNTHETIC,financials/nfp_ml.py seed 777
donations:ORG,2024-07,87343.44,SYNTHETIC,financials/nfp_ml.py seed 777
donations:ORG,2024-08,87299.7,SYNTHETIC,financials/nfp_ml.py seed 777
donations:ORG,2024-09,91589.72,SYNTHETIC,financials/nfp_ml.py seed 777
donations:ORG,2024-10,82921.11,SYNTHETIC,financials/nfp_ml.py seed 777
donations:ORG,2024-11,86235.85,SYNTHETIC,financials/nfp_ml.py seed 777
donations:ORG,2024-12,189273.7,SYNTHETIC,financials/nfp_ml.py seed 777
donations:ORG,2025-01,89501.44,SYNTHETIC,financials/nfp_ml.py seed 777
donations:ORG,2025-02,88412.63,SYNTHETIC,financials/nfp_ml.py seed 777
donations:ORG,2025-03,219502.78,SYNTHETIC,financials/nfp_ml.py seed 777
donations:ORG,2025-04,84502.9,SYNTHETIC,financials/nfp_ml.py seed 777
donations:ORG,2025-05,86250.62,SYNTHETIC,financials/nfp_ml.py seed 777
donations:ORG,2025-06,85931.26,SYNTHETIC,financials/nfp_ml.py seed 777
donations:ORG,2025-07,85236.67,SYNTHETIC,financials/nfp_ml.py seed 777
donations:ORG,2025-08,90774.97,SYNTHETIC,financials/nfp_ml.py seed 777
donations:ORG,2025-09,85523.77,SYNTHETIC,financials/nfp_ml.py seed 777
donations:ORG,2025-10,103320.26,SYNTHETIC,financials/nfp_ml.py seed 777
donations:ORG,2025-11,92457.4,SYNTHETIC,financials/nfp_ml.py seed 777
donations:ORG,2025-12,197236.63,SYNTHETIC,financials/nfp_ml.py seed 777
donations:ORG,2026-01,90295.56,SYNTHETIC,financials/nfp_ml.py seed 777
donations:ORG,2026-02,94435.46,SYNTHETIC,financials/nfp_ml.py seed 777
donations:ORG,2026-03,91933.49,SYNTHETIC,financials/nfp_ml.py seed 777
donations:ORG,2026-04,103084.86,SYNTHETIC,financials/nfp_ml.py seed 777
donations:ORG,2026-05,87412.57,SYNTHETIC,financials/nfp_ml.py seed 777
donations:ORG,2026-06,92633.07,SYNTHETIC,financials/nfp_ml.py seed 777
donations:ORG,2026-07,92303.48,SYNTHETIC,financials/nfp_ml.py seed 777
donations:ORG,2026-08,90095.54,SYNTHETIC,financials/nfp_ml.py seed 777
donations:ORG,2026-09,96599.92,SYNTHETIC,financials/nfp_ml.py seed 777
net_cash:ORG,2022-10,-18549.74,SYNTHETIC,financials/nfp_ml.py seed 777
net_cash:ORG,2022-11,-4928.21,SYNTHETIC,financials/nfp_ml.py seed 777
net_cash:ORG,2022-12,34394.7,SYNTHETIC,financials/nfp_ml.py seed 777
net_cash:ORG,2023-01,21180.76,SYNTHETIC,financials/nfp_ml.py seed 777
net_cash:ORG,2023-02,29996.27,SYNTHETIC,financials/nfp_ml.py seed 777
net_cash:ORG,2023-03,29890.36,SYNTHETIC,financials/nfp_ml.py seed 777
net_cash:ORG,2023-04,63437.99,SYNTHETIC,financials/nfp_ml.py seed 777
net_cash:ORG,2023-05,50975.71,SYNTHETIC,financials/nfp_ml.py seed 777
net_cash:ORG,2023-06,-6421.43,SYNTHETIC,financials/nfp_ml.py seed 777
net_cash:ORG,2023-07,9282.55,SYNTHETIC,financials/nfp_ml.py seed 777
net_cash:ORG,2023-08,19026.23,SYNTHETIC,financials/nfp_ml.py seed 777
net_cash:ORG,2023-09,37750.83,SYNTHETIC,financials/nfp_ml.py seed 777
net_cash:ORG,2023-10,2293.61,SYNTHETIC,financials/nfp_ml.py seed 777
net_cash:ORG,2023-11,3733.2,SYNTHETIC,financials/nfp_ml.py seed 777
net_cash:ORG,2023-12,53131.94,SYNTHETIC,financials/nfp_ml.py seed 777
net_cash:ORG,2024-01,-12421.43,SYNTHETIC,financials/nfp_ml.py seed 777
net_cash:ORG,2024-02,-8324.78,SYNTHETIC,financials/nfp_ml.py seed 777
net_cash:ORG,2024-03,7326.0,SYNTHETIC,financials/nfp_ml.py seed 777
net_cash:ORG,2024-04,11719.43,SYNTHETIC,financials/nfp_ml.py seed 777
net_cash:ORG,2024-05,-4989.4,SYNTHETIC,financials/nfp_ml.py seed 777
net_cash:ORG,2024-06,18385.22,SYNTHETIC,financials/nfp_ml.py seed 777
net_cash:ORG,2024-07,1735.62,SYNTHETIC,financials/nfp_ml.py seed 777
net_cash:ORG,2024-08,27392.93,SYNTHETIC,financials/nfp_ml.py seed 777
net_cash:ORG,2024-09,-3301.59,SYNTHETIC,financials/nfp_ml.py seed 777
net_cash:ORG,2024-10,21088.65,SYNTHETIC,financials/nfp_ml.py seed 777
net_cash:ORG,2024-11,16966.98,SYNTHETIC,financials/nfp_ml.py seed 777
net_cash:ORG,2024-12,7608.86,SYNTHETIC,financials/nfp_ml.py seed 777
net_cash:ORG,2025-01,15558.95,SYNTHETIC,financials/nfp_ml.py seed 777
net_cash:ORG,2025-02,25383.81,SYNTHETIC,financials/nfp_ml.py seed 777
net_cash:ORG,2025-03,-5740.67,SYNTHETIC,financials/nfp_ml.py seed 777
net_cash:ORG,2025-04,9266.51,SYNTHETIC,financials/nfp_ml.py seed 777
net_cash:ORG,2025-05,-23714.64,SYNTHETIC,financials/nfp_ml.py seed 777
net_cash:ORG,2025-06,36562.53,SYNTHETIC,financials/nfp_ml.py seed 777
net_cash:ORG,2025-07,16402.18,SYNTHETIC,financials/nfp_ml.py seed 777
net_cash:ORG,2025-08,13427.52,SYNTHETIC,financials/nfp_ml.py seed 777
net_cash:ORG,2025-09,29504.26,SYNTHETIC,financials/nfp_ml.py seed 777
net_cash:ORG,2025-10,17709.91,SYNTHETIC,financials/nfp_ml.py seed 777
net_cash:ORG,2025-11,-538.5,SYNTHETIC,financials/nfp_ml.py seed 777
net_cash:ORG,2025-12,39970.66,SYNTHETIC,financials/nfp_ml.py seed 777
net_cash:ORG,2026-01,-16615.49,SYNTHETIC,financials/nfp_ml.py seed 777
net_cash:ORG,2026-02,42334.27,SYNTHETIC,financials/nfp_ml.py seed 777
net_cash:ORG,2026-03,42219.87,SYNTHETIC,financials/nfp_ml.py seed 777
net_cash:ORG,2026-04,35174.77,SYNTHETIC,financials/nfp_ml.py seed 777
net_cash:ORG,2026-05,7212.77,SYNTHETIC,financials/nfp_ml.py seed 777
net_cash:ORG,2026-06,-20627.02,SYNTHETIC,financials/nfp_ml.py seed 777
net_cash:ORG,2026-07,10069.12,SYNTHETIC,financials/nfp_ml.py seed 777
net_cash:ORG,2026-08,-17298.85,SYNTHETIC,financials/nfp_ml.py seed 777
net_cash:ORG,2026-09,7267.76,SYNTHETIC,financials/nfp_ml.py seed 777
